https://www.youtube.com/watch?v=l-dYNttdgl0,0:01
https://www.youtube.com/watch?v=g3aIVzoEaI0,1:53
https://www.youtube.com/watch?v=b44-5M4e9nI,2:05,2:24
https://music.youtube.com/watch?v=PHDvds8gr6U,0:10
https://www.youtube.com/watch?v=NlprozGcs80,2:06
https://music.youtube.com/watch?v=lMEFp_TRlXI,1:10
https://music.youtube.com/watch?v=egERbEbv3d0,1:07
https://music.youtube.com/watch?v=AVndcOyh5Ic&list=RDCLAK5uy_mv1P2oVguxLCIDXavV-jcDG1lQyukfSpo,1:36
https://music.youtube.com/watch?v=nKr-Zhrkfcg&list=RDATgfmX,0:10 
https://music.youtube.com/watch?v=BMWM_W7F1wU&list=RDATgfmX
https://www.youtube.com/watch?v=ZIUCRXMM4pE
https://music.youtube.com/watch?v=0WWbRVbU3Lo&list=RDAMVMAVndcOyh5Ic,0:07

https://music.youtube.com/watch?v=y4bZu56EylA,0:08
https://music.youtube.com/watch?v=p52kPMpAu_I&list=RDCLAK5uy_m7EF_vYZXBhXNuduyXmhT00DYapc8cobs,1:34
https://music.youtube.com/watch?v=zxGNx2hBqlc&list=RDCLAK5uy_m7EF_vYZXBhXNuduyXmhT00DYapc8cobs,1:00
https://music.youtube.com/watch?v=lTY9RQnqaxQ&list=RDAMVM2GbJqfZL-WQ
https://music.youtube.com/watch?v=MJlNFFi3SQc&list=RDAMVM2GbJqfZL-WQ
https://music.youtube.com/watch?v=ZZcuSBouhVA&list=OLAK5uy_nKIRaWTnfBBVuanBlmcc6F6R06dZuCtRY
https://music.youtube.com/watch?v=zTVlrOk9a8M
https://music.youtube.com/watch?v=mNBHiPudVYU
https://music.youtube.com/watch?v=Yqw0zDOwag4,0:03
https://music.youtube.com/watch?v=gqXSeAfLeVM&list=OLAK5uy_kTlOrsUu3LhwGb7OoDrat9uzxqDBzjqMQ,0:03
https://music.youtube.com/watch?v=M8ctUxHeM9E&list=OLAK5uy_kTlOrsUu3LhwGb7OoDrat9uzxqDBzjqMQ,0:03
https://music.youtube.com/watch?v=J46vpIKx30I&list=OLAK5uy_kTlOrsUu3LhwGb7OoDrat9uzxqDBzjqMQ,0:03
